code,name
ALB,Albania
ARG,Argentina
ARM,Armenia
AUS,Australia
AUT,Austria
AZE,Azerbaijan
BEL,Belgium
BGD,Bangladesh
BGR,Bulgaria
BIH,Bosnia and Herzegovina
IOI1,IOI team 1
BOL,Bolivia
BRA,Brazil
CAN,Canada
CHE,Switzerland
CHL,Chile
CHN,China
COL,Colombia
CRI,Costa Rica
CUB,Cuba
CYP,Cyprus
CZE,Czech Republic
DEU,Germany
DNK,Denmark
DOM,Dominican Republic
DZA,Algeria
ECU,Ecuador
EGY,Egypt
ESP,Spain
EST,Estonia
FIN,Finland
FRA,France
GBR,United Kingdom
GEO,Georgia
GHA,Ghana
GRC,Greece
HKG,Hong Kong, China
HRV,Croatia
HUN,Hungary
IDN,Indonesia
IND,India
IRL,Ireland
IRN,Iran
ISL,Iceland
IOI2,IOI team 2
ITA,Italy
JOR,Jordan
JPN,Japan
KAZ,Kazakhstan
KGZ,Kyrgyzstan
KOR,Republic of Korea
LBY,Libya
LKA,Sri Lanka
LTU,Lithuania
LUX,Luxembourg
LVA,Latvia
MAC,Macao, China
MAR,Morocco
MDA,Moldova
MEX,Mexico
MKD,North Macedonia
MNE,Montenegro
MNG,Mongolia
MYS,Malaysia
NGA,Nigeria
NLD,Netherlands
NOR,Norway
NZL,New Zealand
PAK,Pakistan
PER,Peru
PHL,Philippines
POL,Poland
PRT,Portugal
PSE,Palestine
ROU,Romania
IOI3,IOI team 3
RWA,Rwanda
SAU,Saudi Arabia
SGP,Singapore
SLV,El Salvador
SRB,Serbia
SVK,Slovakia
SVN,Slovenia
SWE,Sweden
SYR,Syria
THA,Thailand
TJK,Tajikistan
IOI4,IOI team 4
TUN,Tunisia
TUR,Türkiye
TWN,Taiwan
UKR,Ukraine
USA,United States of America
UZB,Uzbekistan
VEN,Venezuela
VNM,Vietnam
ZAF,South Africa